id,title,description,rating,price,duration,url
career-guide-free,"–ë–µ—Å–ø–ª–∞—Ç–Ω–∞—è –ø—Ä–æ—Ñ–æ—Ä–∏–µ–Ω—Ç–∞¬≠—Ü–∏—è","–ë–µ—Å–ø–ª–∞—Ç–Ω–∞—è –ø—Ä–æ—Ñ–æ—Ä–∏–µ–Ω—Ç–∞—Ü–∏—è –¥–ª—è –≤–∑—Ä–æ—Å–ª—ã—Ö –æ—Ç Skillbox: –≤—ã–±–µ—Ä–∏ –Ω–æ–≤—É—é –ø—Ä–æ—Ñ–µ—Å—Å–∏—é –∏–∑ 34 –≤–∞—Ä–∏–∞–Ω—Ç–æ–≤. –ö—É—Ä—Å –≤–µ–¥—ë—Ç: –ï–∫–∞—Ç–µ—Ä–∏–Ω–∞ –ë–æ—Ä–æ–≤–µ—Ü, –ø—Å–∏—Ö–æ–ª–æ–≥ –∏ –ø—Ä–æ—Ñ–æ—Ä–∏–µ–Ω—Ç–æ–ª–æ–≥. –ü–æ–º–æ—â—å —Å –≤—ã–±–æ—Ä–æ–º –ø—Ä–æ—Ñ–µ—Å—Å–∏–∏ –Ω–∞ –æ–Ω–ª–∞–π–Ω-–∫—É—Ä—Å–µ –ø–æ –ø—Ä–æ—Ñ–æ—Ä–∏–µ–Ω—Ç–∞—Ü–∏–∏ –≤ –ú–æ—Å–∫–≤–µ, –°–∞–Ω–∫—Ç-–ü–µ—Ç–µ—Ä–±—É—Ä–≥–µ –∏ –≤ –ª—é–±–æ–º —Ä–µ–≥–∏–æ–Ω–µ –†–§.",N/A,N/A,N/A,https://skillbox.ru/course/career-guide-free/
1187,"–ü—Ä–æ—Ñ–µ—Å—Å–∏—è Python-—Ä–∞–∑—Ä–∞–±–æ—Ç—á–∏–∫","‚ö°Ô∏è–û–Ω–ª–∞–π–Ω-–∫—É—Ä—Å –ø—Ä–æ–≥—Ä–∞–º–º–∏—Ä–æ–≤–∞–Ω–∏—è ¬´Python-—Ä–∞–∑—Ä–∞–±–æ—Ç—á–∏–∫¬ª –æ—Ç Skillbox –¥–ª—è –Ω–∞—á–∏–Ω–∞—é—â–∏—Ö: —Å—Ç–∞–Ω—å—Ç–µ –ø—Ä–æ–≥—Ä–∞–º–º–∏—Å—Ç–æ–º –Ω–∞ —è–∑—ã–∫–µ Python —Å –Ω—É–ª—è –∑–∞ 10 –º–µ—Å—è—Ü–µ–≤. ‚úÖ –ë–æ–ª–µ–µ 10 –ø—Ä–æ–µ–∫—Ç–æ–≤ –≤ –ø–æ—Ä—Ç—Ñ–æ–ª–∏–æ, –æ–±—É—á–µ–Ω–∏–µ –±–µ–∑ —Ä–∞—Å–ø–∏—Å–∞–Ω–∏–π –∏ –∂—ë—Å—Ç–∫–∏—Ö –¥–µ–¥–ª–∞–π–Ω–æ–≤, –≤–æ–∑–º–æ–∂–Ω–æ—Å—Ç—å —Å—Ç–∞–∂–∏—Ä–æ–≤–∫–∏ –≤ –°–ö–ë –ö–æ–Ω—Ç—É—Ä. ‚≠ê–û–±—É—á–µ–Ω–∏–µ –Ω–∞ –ø–∏—Ç–æ–Ω —Ä–∞–∑—Ä–∞–±–æ—Ç—á–∏–∫–∞ –æ–Ω–ª–∞–π–Ω —Å —Å–µ—Ä—Ç–∏—Ñ–∏–∫–∞—Ç–æ–º –∏ –ø–æ–º–æ—â—å—é –≤ —Ç—Ä—É–¥–æ—É—Å—Ç—Ä–æ–π—Å—Ç–≤–µ.","4.8 –∏–∑ 5",N/A,N/A,https://skillbox.ru/course/profession-python/
4191,"–ú–µ–Ω–µ–¥–∂–µ—Ä –º–∞—Ä–∫–µ—Ç–ø–ª–µ–π—Å–æ–≤: –ø—Ä–æ–¥–≤–∏–Ω—É—Ç—ã–π –∫—É—Ä—Å —Å¬†–Ω—É–ª—è","‚ö°Ô∏è–û–Ω–ª–∞–π–Ω-–∫—É—Ä—Å ¬´–ú–µ–Ω–µ–¥–∂–µ—Ä –º–∞—Ä–∫–µ—Ç–ø–ª–µ–π—Å–æ–≤¬ª –æ—Ç Skillbox –¥–ª—è –Ω–∞—á–∏–Ω–∞—é—â–∏—Ö: —Å—Ç–∞–Ω—å—Ç–µ –º–µ–Ω–µ–¥–∂–µ—Ä–æ–º –º–∞—Ä–∫–µ—Ç–ø–ª–µ–π—Å–æ–≤ —Å –Ω—É–ª—è –∑–∞ 6 –º–µ—Å—è—Ü–µ–≤. ‚úÖ –í—ã –Ω–∞—É—á–∏—Ç–µ—Å—å –ø—Ä–æ–¥–≤–∏–≥–∞—Ç—å –º–∞–≥–∞–∑–∏–Ω—ã –Ω–∞ –º–∞—Ä–∫–µ—Ç–ø–ª–µ–π—Å–∫–∞: Wildberries, Ozon, –ê–≤–∏—Ç–æ –∏ –¥—Ä. ‚≠ê –≠–∫–æ–Ω–æ–º—å—Ç–µ –¥–æ 150 000 —Ä—É–±–ª–µ–π, –ø–æ–ª—É—á–∏—Ç–µ 10 000 –±–æ–Ω—É—Å–æ–≤ –Ω–∞ –Ø–Ω–¥–µ–∫—Å –∏ 30 000 –Ω–∞ –ú–µ–≥–∞–º–∞—Ä–∫–µ—Ç! –û–±—É—á–µ–Ω–∏–µ –Ω–∞ –º–µ–Ω–µ–¥–∂–µ—Ä–∞ –º–∞—Ä–∫–µ—Ç–ø–ª–µ–π—Å–æ–≤ –æ–Ω–ª–∞–π–Ω —Å —Å–µ—Ä—Ç–∏—Ñ–∏–∫–∞—Ç–æ–º –∏ –ø–æ–º–æ—â—å –≤ —Ç—Ä—É–¥–æ—É—Å—Ç—Ä–æ–π—Å—Ç–≤–µ!","4.9 –∏–∑ 5",N/A,N/A,https://skillbox.ru/course/profession-marketplace-manager/
profession-graphdesigner,"–ü—Ä–æ—Ñ–µ—Å—Å–∏—è –ì—Ä–∞—Ñ–∏—á–µ—Å–∫–∏–π –¥–∏–∑–∞–π–Ω–µ—Ä PRO","‚ö°Ô∏è–û–Ω–ª–∞–π–Ω-–∫—É—Ä—Å ¬´–ì—Ä–∞—Ñ–∏—á–µ—Å–∫–∏–π –¥–∏–∑–∞–π–Ω–µ—Ä PRO¬ª –æ—Ç Skillbox –¥–ª—è –Ω–∞—á–∏–Ω–∞—é—â–∏—Ö: —Å—Ç–∞–Ω—å—Ç–µ –≥—Ä–∞—Ñ–∏—á–µ—Å–∫–∏–º –¥–∏–∑–∞–π–Ω–µ—Ä–æ–º —Å –Ω—É–ª—è –∑–∞ 20 –º–µ—Å—è—Ü–µ–≤. ‚úÖ –í—ã –Ω–∞—É—á–∏—Ç–µ—Å—å —Å–æ–∑–¥–∞–≤–∞—Ç—å —Ñ–∏—Ä–º–µ–Ω–Ω—ã–π —Å—Ç–∏–ª—å, –¥–∏–∑–∞–π–Ω —É–ø–∞–∫–æ–≤–∫–∏ –∏ –±—Ä–µ–Ω–¥–∏–Ω–≥. ‚≠ê –°–æ–∑–¥–∞–π –¥–∏–∑–∞–π–Ω –¥–ª—è –±—Ä–µ–Ω–¥–æ–≤ —á–µ—Ä–µ–∑ –ø—Ä–∞–∫—Ç–∏–∫—É —Å 11+ –∫–µ–π—Å–∞–º–∏. –û–±—É—á–µ–Ω–∏–µ –Ω–∞ –≥—Ä–∞—Ñ–∏—á–µ—Å–∫–æ–≥–æ –¥–∏–∑–∞–π–Ω–µ—Ä–∞ –æ–Ω–ª–∞–π–Ω —Å —Å–µ—Ä—Ç–∏—Ñ–∏–∫–∞—Ç–æ–º –∏ –ø–æ–º–æ—â—å –≤ —Ç—Ä—É–¥–æ—É—Å—Ç—Ä–æ–π—Å—Ç–≤–µ!","4.9 –∏–∑ 5",N/A,N/A,https://skillbox.ru/course/profession-graphdesigner/
973,"–ü—Ä–æ—Ñ–µ—Å—Å–∏—è –î–∏–∑–∞–π–Ω–µ—Ä –∏–Ω—Ç–µ—Ä—å–µ—Ä–æ–≤","‚ö°Ô∏è–û–Ω–ª–∞–π–Ω-–∫—É—Ä—Å ¬´–î–∏–∑–∞–π–Ω–µ—Ä –∏–Ω—Ç–µ—Ä—å–µ—Ä–æ–≤¬ª –æ—Ç Skillbox –¥–ª—è –Ω–∞—á–∏–Ω–∞—é—â–∏—Ö: —Å—Ç–∞–Ω—å—Ç–µ –¥–∏–∑–∞–π–Ω–µ—Ä–æ–º –∏–Ω—Ç–µ—Ä—å–µ—Ä–∞ —Å –Ω—É–ª—è –∑–∞ 12 –º–µ—Å—è—Ü–µ–≤. ‚úÖ 8 —Ä–∞–±–æ—á–∏—Ö –ø—Ä–æ–≥—Ä–∞–º–º –Ω–∞ –≤—ã–±–æ—Ä, 4 —Ä–∞–±–æ—Ç—ã –≤ –ø–æ—Ä—Ç—Ñ–æ–ª–∏–æ –∏ –≤–æ–∑–º–æ–∂–Ω–æ—Å—Ç—å —Å–¥–µ–ª–∞—Ç—å –ø—Ä–æ–µ–∫—Ç —Å–≤–æ–µ–π –∫–≤–∞—Ä—Ç–∏—Ä—ã, –ø—Ä–æ—Ñ–µ—Å—Å–∏–æ–Ω–∞–ª—å–Ω–æ–µ –∫–æ–º—å—é–Ω–∏—Ç–∏ –∏ –º–µ—Ä–æ–ø—Ä–∏—è—Ç–∏—è. ‚≠ê –û–±—É—á–µ–Ω–∏–µ –Ω–∞ –¥–∏–∑–∞–π–Ω–µ—Ä–∞ –∏–Ω—Ç–µ—Ä—å–µ—Ä–∞ –æ–Ω–ª–∞–π–Ω —Å —Å–µ—Ä—Ç–∏—Ñ–∏–∫–∞—Ç–æ–º –∏ –ø–æ–º–æ—â—å—é –≤ —Ç—Ä—É–¥–æ—É—Å—Ç—Ä–æ–π—Å—Ç–≤–µ.",N/A,N/A,N/A,https://skillbox.ru/course/profession-interiordesigner/
4050,–ü—Ä–æ—Ñ–µ—Å—Å–∏—è1–°-–ø—Ä–æ–≥—Ä–∞–º–º–∏—Å—Ç,"‚ö°Ô∏è–û–Ω–ª–∞–π–Ω-–∫—É—Ä—Å ¬´1C-–ø—Ä–æ–≥—Ä–∞–º–º–∏—Å—Ç¬ª –æ—Ç Skillbox –¥–ª—è –Ω–∞—á–∏–Ω–∞—é—â–∏—Ö: —Å—Ç–∞–Ω—å—Ç–µ 1C-—Ä–∞–∑—Ä–∞–±–æ—Ç—á–∏–∫–æ–º —Å –Ω—É–ª—è –∑–∞ 8 –º–µ—Å—è—Ü–µ–≤. ‚úÖ –û—Ñ–∏—Ü–∏–∞–ª—å–Ω–æ–µ —Å–≤–∏–¥–µ—Ç–µ–ª—å—Å—Ç–≤–æ 1C, 29 –ø—Ä–∞–∫—Ç–∏—á–µ—Å–∫–∏—Ö —Ä–∞–±–æ—Ç, –∫—É—Ä—Å –±–µ–∑ –ª–∏—à–Ω–µ–π —Ç–µ–æ—Ä–∏–∏, –æ–±—É—á–µ–Ω–∏–µ –±–µ–∑ –∂—ë—Å—Ç–∫–∏—Ö –¥–µ–¥–ª–∞–π–Ω–æ–≤. ‚≠ê –û–±—É—á–µ–Ω–∏–µ –Ω–∞ 1C-—Ä–∞–∑—Ä–∞–±–æ—Ç—á–∏–∫–∞ –æ–Ω–ª–∞–π–Ω —Å —Å–µ—Ä—Ç–∏—Ñ–∏–∫–∞—Ç–æ–º –∏ –ø–æ–º–æ—â—å—é –≤ —Ç—Ä—É–¥–æ—É—Å—Ç—Ä–æ–π—Å—Ç–≤–µ.","4.7 –∏–∑ 5",N/A,N/A,https://skillbox.ru/course/profession-1c/
22,"–ü—Ä–æ—Ñ–µ—Å—Å–∏—è –í–µ–±-–¥–∏–∑–∞–π–Ω–µ—Ä","–û–Ω–ª–∞–π–Ω-–∫—É—Ä—Å ‚ö°Ô∏è ¬´–ü—Ä–æ—Ñ–µ—Å—Å–∏—è –í–µ–±-–¥–∏–∑–∞–π–Ω–µ—Ä¬ª –æ—Ç Skillbox –¥–ª—è –Ω–∞—á–∏–Ω–∞—é—â–∏—Ö: —Å—Ç–∞–Ω—å—Ç–µ web-–¥–∏–∑–∞–π–Ω–µ—Ä–æ–º —Å –Ω—É–ª—è –∑–∞ 12 –º–µ—Å—è—Ü–µ–≤. ‚úÖ –í—ã –Ω–∞—É—á–∏—Ç–µ—Å—å —Å–æ–∑–¥–∞–≤–∞—Ç—å –¥–∏–∑–∞–π–Ω-–º–∞–∫–µ—Ç—ã —Å–∞–π—Ç–æ–≤ –∏ –º–æ–±–∏–ª—å–Ω—ã—Ö –ø—Ä–∏–ª–æ–∂–µ–Ω–∏–π. ‚≠ê 15 —Ä–µ–∞–ª—å–Ω—ã—Ö –ø—Ä–æ–µ–∫—Ç–æ–≤ –¥–ª—è –≤–∞—à–µ–≥–æ –ø–æ—Ä—Ç—Ñ–æ–ª–∏–æ –≤ –Ω–æ–≤–æ–º —Ñ–æ—Ä–º–∞—Ç–µ –æ–±—É—á–µ–Ω–∏—è. –û–±—É—á–µ–Ω–∏–µ –Ω–∞ –¥–∏–∑–∞–π–Ω–µ—Ä–∞ —Å–∞–π—Ç–æ–≤ –∏ –ø—Ä–∏–ª–æ–∂–µ–Ω–∏–π –æ–Ω–ª–∞–π–Ω —Å —Å–µ—Ä—Ç–∏—Ñ–∏–∫–∞—Ç–æ–º –∏ –ø–æ–º–æ—â—å –≤ —Ç—Ä—É–¥–æ—É—Å—Ç—Ä–æ–π—Å—Ç–≤–µ!",N/A,N/A,N/A,https://skillbox.ru/course/profession-webdesigner/
2632,"–ü—Ä–æ—Ñ–µ—Å—Å–∏—è 3D-–¥–∂–µ–Ω–µ—Ä–∞–ª–∏—Å—Ç","‚ö°Ô∏è–û–Ω–ª–∞–π–Ω-–∫—É—Ä—Å ¬´3D-–¥–∂–µ–Ω–µ—Ä–∞–ª–∏—Å—Ç¬ª –æ—Ç Skillbox –¥–ª—è –Ω–∞—á–∏–Ω–∞—é—â–∏—Ö: —Å—Ç–∞–Ω—å—Ç–µ —É–Ω–∏–≤–µ—Ä—Å–∞–ª—å–Ω—ã–º —Å–ø–µ—Ü–∏–∞–ª–∏—Å—Ç–æ–º –≤ —Å–æ–∑–¥–∞–Ω–∏–∏ 3d-–º–æ–¥–µ–ª–µ–π –¥–ª—è –∏–≥—Ä, –∫–∏–Ω–æ –∏ —Ä–µ–∫–ª–∞–º—ã —Å –Ω—É–ª—è –∑–∞ 13 –º–µ—Å—è—Ü–µ–≤. üçã–í—ã–∏–≥—Ä–∞–π—Ç–µ 3 –º–ª–Ω –æ—Ç —Å—Ç—É–¥–∏–∏ GameBox. ‚≠ê –û–±—É—á–µ–Ω–∏–µ –Ω–∞ 3D-–¥–∂–µ–Ω–µ—Ä–∞–ª–∏—Å—Ç–∞ –æ–Ω–ª–∞–π–Ω —Å —Å–µ—Ä—Ç–∏—Ñ–∏–∫–∞—Ç–æ–º –∏ –ø–æ–º–æ—â—å –≤ —Ç—Ä—É–¥–æ—É—Å—Ç—Ä–æ–π—Å—Ç–≤–µ!","4.9 –∏–∑ 5",N/A,N/A,https://skillbox.ru/course/3d-generalist/
973,"–ü—Ä–æ—Ñ–µ—Å—Å–∏—è –î–∏–∑–∞–π–Ω–µ—Ä –∂–∏–ª—ã—Ö –∏¬†–∫–æ–º–º–µ—Ä—á–µ—Å–∫–∏—Ö –∏–Ω—Ç–µ—Ä—å–µ—Ä–æ–≤","‚ö°Ô∏è–û–Ω–ª–∞–π–Ω-–∫—É—Ä—Å ¬´–î–∏–∑–∞–π–Ω–µ—Ä –∂–∏–ª—ã—Ö –∏ –∫–æ–º–º–µ—Ä—á–µ—Å–∫–∏—Ö –∏–Ω—Ç–µ—Ä—å–µ—Ä–æ–≤¬ª –æ—Ç Skillbox –¥–ª—è –Ω–∞—á–∏–Ω–∞—é—â–∏—Ö: —Å—Ç–∞–Ω—å—Ç–µ –¥–∏–∑–∞–π–Ω–µ—Ä–æ–º –∂–∏–ª—ã—Ö –∏ –∫–æ–º–º–µ—Ä—á–µ—Å–∫–∏—Ö –ø–æ–º–µ—â–µ–Ω–∏–π —Å –Ω—É–ª—è –∑–∞ 14 –º–µ—Å—è—Ü–µ–≤. ‚úÖ 8 —Ä–∞–±–æ—á–∏—Ö –ø—Ä–æ–≥—Ä–∞–º–º –Ω–∞ –≤—ã–±–æ—Ä, 5 –ø—Ä–æ–µ–∫—Ç–æ–≤ –≤ –ø–æ—Ä—Ç—Ñ–æ–ª–∏–æ –∏ –≤–æ–∑–º–æ–∂–Ω–æ—Å—Ç—å —Å–¥–µ–ª–∞—Ç—å –ø—Ä–æ–µ–∫—Ç —Å–≤–æ–µ–π –∫–≤–∞—Ä—Ç–∏—Ä—ã. ‚≠ê –û–±—É—á–µ–Ω–∏–µ –Ω–∞ –¥–∏–∑–∞–π–Ω–µ—Ä–∞ –∏–Ω—Ç–µ—Ä—å–µ—Ä–∞ –æ–Ω–ª–∞–π–Ω —Å —Å–µ—Ä—Ç–∏—Ñ–∏–∫–∞—Ç–æ–º –∏ –ø–æ–º–æ—â—å—é –≤ —Ç—Ä—É–¥–æ—É—Å—Ç—Ä–æ–π—Å—Ç–≤–µ.",N/A,N/A,N/A,https://skillbox.ru/course/profession-designer-interior/
4452,"–ü—Ä–æ—Ñ–µ—Å—Å–∏—è Java-—Ä–∞–∑—Ä–∞–±–æ—Ç—á–∏–∫","‚ö°Ô∏è–û–Ω–ª–∞–π–Ω-–∫—É—Ä—Å –ø—Ä–æ–≥—Ä–∞–º–º–∏—Ä–æ–≤–∞–Ω–∏—è –¥–ª—è –Ω–∞—á–∏–Ω–∞—é—â–∏—Ö ¬´Java-—Ä–∞–∑—Ä–∞–±–æ—Ç—á–∏–∫¬ª –æ—Ç Skillbox: —Å—Ç–∞–Ω—å –ø—Ä–æ–≥—Ä–∞–º–º–∏—Å—Ç–æ–º –Ω–∞ —è–∑—ã–∫–µ Java —Å –Ω—É–ª—è. –í—ã –Ω–∞—É—á–∏—Ç–µ—Å—å –ø–∏—Å–∞—Ç—å –∫–æ–¥ –∏ —Å–æ–∑–¥–∞–≤–∞—Ç—å —Å–∞–π—Ç—ã –Ω–∞ —Å–∞–º–æ–º –ø–æ–ø—É–ª—è—Ä–Ω–æ–º —è–∑—ã–∫–µ –ø—Ä–æ–≥—Ä–∞–º–º–∏—Ä–æ–≤–∞–Ω–∏—è. ‚≠ê–û–±—É—á–µ–Ω–∏–µ –Ω–∞ Java-–ø—Ä–æ–≥—Ä–∞–º–º–∏—Å—Ç–∞ –≤ –ú–æ—Å–∫–≤–µ, –°–∞–Ω–∫—Ç-–ü–µ—Ç–µ—Ä–±—É—Ä–≥–µ –∏ –≤ –ª—é–±–æ–º —Ä–µ–≥–∏–æ–Ω–µ –†–§ —Å —Å–µ—Ä—Ç–∏—Ñ–∏–∫–∞—Ç–æ–º –∏ —Ç—Ä—É–¥–æ—É—Å—Ç—Ä–æ–π—Å—Ç–≤–æ–º.","4.7 –∏–∑ 5",N/A,N/A,https://skillbox.ru/course/profession-java/
1201,"–ü—Ä–æ—Ñ–µ—Å—Å–∏—è –ë—É—Ö–≥–∞–ª—Ç–µ—Ä","‚ö°Ô∏è–û–Ω–ª–∞–π–Ω-–∫—É—Ä—Å ¬´–ë—É—Ö–≥–∞–ª—Ç–µ—Ä¬ª –æ—Ç Skillbox –¥–ª—è –Ω–∞—á–∏–Ω–∞—é—â–∏—Ö: —Å—Ç–∞–Ω—å—Ç–µ –¥–∏–ø–ª–æ–º–∏—Ä–æ–≤–∞–Ω–Ω—ã–º –±—É—Ö–≥–∞–ª—Ç–µ—Ä–æ–º —Å –Ω—É–ª—è –∑–∞ 6 –º–µ—Å—è—Ü–µ–≤. ‚úÖ –í—ã –Ω–∞—É—á–∏—Ç–µ—Å—å –≤–µ—Å—Ç–∏ –±—É—Ö—É—á–µ—Ç –≤ –ø—Ä–æ–≥—Ä–∞–º–º–µ 1–°: –ë—É—Ö–≥–∞–ª—Ç–µ—Ä–∏—è. ‚≠ê –ú–Ω–æ–≥–æ –ø—Ä–∞–∫—Ç–∏–∫–∏ –Ω–∞ —Ä–µ–∞–ª—å–Ω—ã—Ö –∑–∞–¥–∞—á–∞—Ö, –ø—Ä–æ–µ–∫—Ç—ã –¥–ª—è –ø–æ—Ä—Ç—Ñ–æ–ª–∏–æ. –û–±—É—á–µ–Ω–∏–µ –Ω–∞ –¥–∏–ø–ª–æ–º–∏—Ä–æ–≤–∞–Ω–Ω–æ–≥–æ –±—É—Ö–≥–∞–ª—Ç–µ—Ä–∞ –æ–Ω–ª–∞–π–Ω —Å —Å–µ—Ä—Ç–∏—Ñ–∏–∫–∞—Ç–æ–º –∏ –ø–æ–º–æ—â—å –≤ —Ç—Ä—É–¥–æ—É—Å—Ç—Ä–æ–π—Å—Ç–≤–µ!","4.9 –∏–∑ 5",N/A,N/A,https://skillbox.ru/course/profession-accountant/
3975,"–ò–Ω—Ñ–æ–≥—Ä–∞—Ñ–∏–∫–∞ –¥–ª—è –º–∞—Ä–∫–µ—Ç–ø–ª–µ–π—Å–æ–≤","‚ö°Ô∏è–û–Ω–ª–∞–π–Ω-–∫—É—Ä—Å ¬´–ò–Ω—Ñ–æ–≥—Ä–∞—Ñ–∏–∫–∞ –¥–ª—è –º–∞—Ä–∫–µ—Ç–ø–ª–µ–π—Å–æ–≤¬ª –æ—Ç Skillbox –¥–ª—è –Ω–∞—á–∏–Ω–∞—é—â–∏—Ö: —Å—Ç–∞–Ω—å—Ç–µ –¥–∏–∑–∞–π–Ω–µ—Ä–æ–º –Ω–∞ –º–∞—Ä–∫–µ—Ç–ø–ª–µ–π—Å–∞—Ö —Å –Ω—É–ª—è –∑–∞ 3 –º–µ—Å—è—Ü–∞. ‚úÖ –í—ã –Ω–∞—É—á–∏—Ç–µ—Å—å —Å–æ–∑–¥–∞–≤–∞—Ç—å –ø—Ä–∏–≤–ª–µ–∫–∞—Ç–µ–ª—å–Ω—ã–µ –∫–∞—Ä—Ç–æ—á–∫–∏ —Ç–æ–≤–∞—Ä–æ–≤ –¥–ª—è —É–≤–µ–ª–∏—á–µ–Ω–∏—è –ø—Ä–æ–¥–∞–∂ –±—Ä–µ–Ω–¥–æ–≤. ‚≠ê –°–æ–∑–¥–∞–π 6 –∫–∞—Ä—Ç–æ—á–µ–∫ –ø–æ—Ä—Ç—Ñ–æ–ª–∏–æ, –∏–∑—É—á–∞—è Figma, Photoshop –∏ After Effects. –û–±—É—á–µ–Ω–∏–µ –Ω–∞ –¥–∏–∑–∞–π–Ω–µ—Ä–∞ –Ω–∞ –º–∞—Ä–∫–µ—Ç–ø–ª–µ–π—Å–∞—Ö –æ–Ω–ª–∞–π–Ω —Å —Å–µ—Ä—Ç–∏—Ñ–∏–∫–∞—Ç–æ–º –∏ –ø–æ–º–æ—â—å –≤ —Ç—Ä—É–¥–æ—É—Å—Ç—Ä–æ–π—Å—Ç–≤–µ!","4.8 –∏–∑ 5",N/A,N/A,https://skillbox.ru/course/infographics-for-marketplaces/
4141,"–ü—Ä–æ—Ñ–µ—Å—Å–∏—è –§—Ä–æ–Ω—Ç–µ–Ω–¥-—Ä–∞–∑—Ä–∞–±–æ—Ç—á–∏–∫","‚ö°Ô∏è–û–Ω–ª–∞–π–Ω-–∫—É—Ä—Å –ø–æ –ø—Ä–æ–≥—Ä–∞–º–º–∏—Ä–æ–≤–∞–Ω–∏—é ¬´–§—Ä–æ–Ω—Ç–µ–Ω–¥-—Ä–∞–∑—Ä–∞–±–æ—Ç—á–∏–∫¬ª –æ—Ç Skillbox –¥–ª—è –Ω–∞—á–∏–Ω–∞—é—â–∏—Ö: —Å—Ç–∞–Ω—å—Ç–µ —Ñ—Ä–æ–Ω—Ç–µ–Ω–¥-—Ä–∞–∑—Ä–∞–±–æ—Ç—á–∏–∫–æ–º —Å –Ω—É–ª—è –∑–∞ 9 –º–µ—Å—è—Ü–µ–≤. ‚úÖ –£–Ω–∏–∫–∞–ª—å–Ω–∞—è –º–µ—Ç–æ–¥–∏–∫–∞ –æ–±—É—á–µ–Ω–∏—è –≤–µ—Ä—Å—Ç–∫–µ 4C/ID, –ø—Ä–æ–µ–∫—Ç—ã –≤ –ø–æ—Ä—Ç—Ñ–æ–ª–∏–æ –æ—Ç —Ä–µ–∞–ª—å–Ω—ã—Ö –∑–∞–∫–∞–∑—á–∏–∫–æ–≤, –ø—Ä–∞–∫—Ç–∏–∫–∞ –Ω–∞ —Ç—Ä–µ–Ω–∞–∂—ë—Ä–∞—Ö, –≤–µ–±–∏–Ω–∞—Ä—ã —Å ¬´–ì–∞–∑–ø—Ä–æ–º–±–∞–Ω–∫.–¢–µ—Ö¬ª. ‚≠ê –û–±—É—á–µ–Ω–∏–µ –Ω–∞ —Ñ—Ä–æ–Ω—Ç–µ–Ω–¥-—Ä–∞–∑—Ä–∞–±–æ—Ç—á–∏–∫–∞ –æ–Ω–ª–∞–π–Ω —Å —Å–µ—Ä—Ç–∏—Ñ–∏–∫–∞—Ç–æ–º –∏ –ø–æ–º–æ—â—å—é –≤ —Ç—Ä—É–¥–æ—É—Å—Ç—Ä–æ–π—Å—Ç–≤–µ.",N/A,N/A,N/A,https://skillbox.ru/course/frontend-developer/
1938,"–ü—Ä–æ—Ñ–µ—Å—Å–∏—è Data scientist","–û–Ω–ª–∞–π–Ω-–∫—É—Ä—Å ¬´–ü—Ä–æ—Ñ–µ—Å—Å–∏—è Data scientist¬ª ‚Äî Skillbox: —Å—Ç–∞–Ω—å —Å–ø–µ—Ü–∏–∞–ª–∏—Å—Ç–æ–º –ø–æ Data Science. –ö—É—Ä—Å –≤–µ–¥—É—Ç: –ê–ª–µ–∫—Å–µ–π –ü–æ–¥–∫–∏–¥—ã—à–µ–≤ (Microsoft), –Æ–ª–¥—É–∑ –§–∞—Ç—Ç–∞—Ö–æ–≤–∞ (–°–±–µ—Ä–±–∞–Ω–∫). –û–±—É—á–µ–Ω–∏–µ –Ω–∞ —Å–ø–µ—Ü–∏–∞–ª–∏—Å—Ç–∞ –ø–æ Data Science –≤ –ú–æ—Å–∫–≤–µ, –°–∞–Ω–∫—Ç-–ü–µ—Ç–µ—Ä–±—É—Ä–≥–µ –∏ –≤ –ª—é–±–æ–º —Ä–µ–≥–∏–æ–Ω–µ –†–§ —Å —Å–µ—Ä—Ç–∏—Ñ–∏–∫–∞—Ç–æ–º –∏ —Ç—Ä—É–¥–æ—É—Å—Ç—Ä–æ–π—Å—Ç–≤–æ–º.","4.6 –∏–∑ 5",N/A,N/A,https://skillbox.ru/course/profession-data-scientist/
reverse_engineering,"–°–ø–µ—Ü–∏–∞–ª–∏—Å—Ç –ø–æ¬†3D-–ø–µ—á–∞—Ç–∏ –∏¬†—Ä–µ–≤–µ—Ä—Å-–∏–Ω–∂–∏–Ω–∏—Ä–∏–Ω–≥—É","‚ö°Ô∏è–û–Ω–ª–∞–π–Ω-–∫—É—Ä—Å ¬´–°–ø–µ—Ü–∏–∞–ª–∏—Å—Ç –ø–æ 3D-–ø–µ—á–∞—Ç–∏ –∏ —Ä–µ–≤–µ—Ä—Å-–∏–Ω–∂–∏–Ω–∏—Ä–∏–Ω–≥—É¬ª –æ—Ç Skillbox –¥–ª—è –Ω–∞—á–∏–Ω–∞—é—â–∏—Ö —Å –Ω—É–ª—è –∑–∞ 8 –º–µ—Å—è—Ü–µ–≤. ‚úÖ –í—ã –Ω–∞—É—á–∏—Ç–µ—Å—å 3D-–ø–µ—á–∞—Ç–∏ –∏ —Ä–µ–≤–µ—Ä—Å-–∏–Ω–∂–∏–Ω–∏—Ä–∏–Ω–≥—É. ‚≠ê –ü–æ–ª—É—á–∏—Ç–µ –¥–∏–ø–ª–æ–º—ã Skillbox –∏ –ú–ò–§–ò —Å –ø—Ä–∞–∫—Ç–∏–∫–æ–π –≤ –†–æ—Å—Ç–µ—Ö –¥–ª—è –∫–∞—Ä—å–µ—Ä–Ω–æ–≥–æ —Ä–æ—Å—Ç–∞. –û–±—É—á–µ–Ω–∏–µ –Ω–∞ —Å–ø–µ—Ü–∏–∞–ª–∏—Å—Ç–∞ –ø–æ 3D-–ø–µ—á–∞—Ç–∏ –∏ —Ä–µ–≤–µ—Ä—Å-–∏–Ω–∂–∏–Ω–∏—Ä–∏–Ω–≥—É –æ–Ω–ª–∞–π–Ω —Å —Å–µ—Ä—Ç–∏—Ñ–∏–∫–∞—Ç–æ–º –ø–æ –æ–∫–æ–Ω—á–∞–Ω–∏—é.",N/A,N/A,N/A,https://skillbox.ru/course/reverse_engineering/
1867,–ü—Ä–æ—Ñ–µ—Å—Å–∏—èUX/UI-–¥–∏–∑–∞–π–Ω–µ—Ä,"‚ö°Ô∏è–û–Ω–ª–∞–π–Ω-–∫—É—Ä—Å ¬´UX/UI-–¥–∏–∑–∞–π–Ω–µ—Ä¬ª –æ—Ç Skillbox –¥–ª—è –Ω–∞—á–∏–Ω–∞—é—â–∏—Ö: —Å—Ç–∞–Ω—å—Ç–µ ux/ui-–¥–∏–∑–∞–π–Ω–µ—Ä–æ–º —Å –Ω—É–ª—è –∑–∞ 9 –º–µ—Å—è—Ü–µ–≤. ‚úÖ –í—ã –Ω–∞—É—á–∏—Ç–µ—Å—å —Å–æ–∑–¥–∞–≤–∞—Ç—å —É–¥–æ–±–Ω—ã–µ –∏ –∫—Ä–∞—Å–∏–≤—ã–µ —Ü–∏—Ñ—Ä–æ–≤—ã–µ –ø—Ä–æ–¥—É–∫—Ç—ã. ‚≠ê –û–±–Ω–æ–≤–∏ –Ω–∞–≤—ã–∫–∏ —Å 4 –ø—Ä–æ–µ–∫—Ç–∞–º–∏ –∏ –ø—Ä–∞–∫—Ç–∏–∫–æ–π –≤ –∫–æ–º–∞–Ω–¥–µ –¥–∏–∑–∞–π–Ω–∞ Skillbox. –û–±—É—á–µ–Ω–∏–µ –Ω–∞ ux/ui-–¥–∏–∑–∞–π–Ω–µ—Ä–∞ –æ–Ω–ª–∞–π–Ω —Å —Å–µ—Ä—Ç–∏—Ñ–∏–∫–∞—Ç–æ–º –ø–æ –æ–∫–æ–Ω—á–∞–Ω–∏—é.","4.8 –∏–∑ 5",N/A,N/A,https://skillbox.ru/course/profession-ux/
296,"–ü—Ä–æ—Ñ–µ—Å—Å–∏—è‚Ä®–†–µ–∂–∏—Å—Å—ë—Ä –º–æ–Ω—Ç–∞–∂–∞","‚ö°Ô∏è–û–Ω–ª–∞–π–Ω-–∫—É—Ä—Å ¬´–†–µ–∂–∏—Å—Å—ë—Ä –º–æ–Ω—Ç–∞–∂–∞¬ª –æ—Ç Skillbox –¥–ª—è –Ω–∞—á–∏–Ω–∞—é—â–∏—Ö: —Å—Ç–∞–Ω—å—Ç–µ –º–æ–Ω—Ç–∞–∂—ë—Ä–æ–º –∏–ª–∏ —Å–ø–µ—Ü–∏–∞–ª–∏—Å—Ç–æ–º –ø–æ—Å—Ç–ø—Ä–æ–¥–∞–∫—à–Ω–∞ —Å –Ω—É–ª—è –∑–∞ 9 –º–µ—Å—è—Ü–µ–≤. ‚úÖ –í—ã –Ω–∞—É—á–∏—Ç–µ—Å—å –º–æ–Ω—Ç–∏—Ä–æ–≤–∞—Ç—å –∫–∏–Ω–æ, —Ä–µ–∫–ª–∞–º—É, –∫–ª–∏–ø—ã –∏ —Ä–æ–ª–∏–∫–∏ –¥–ª—è —Å–æ—Ü—Å–µ—Ç–µ–π. ‚≠ê –°—Ç–∞–∂–∏—Ä–æ–≤–∫–∞ –≤ –∫–æ–º–∞–Ω–¥–µ –º–æ–Ω—Ç–∞–∂—ë—Ä–æ–≤ Skillbox, –∫–æ–º–∞–Ω–¥–Ω—ã–µ –ø—Ä–æ–µ–∫—Ç—ã, –æ–±—â–µ–Ω–∏–µ —Å —ç–∫—Å–ø–µ—Ä—Ç–∞–º–∏. –û–±—É—á–µ–Ω–∏–µ –Ω–∞ —Ä–µ–∂–∏—Å—Å—ë—Ä–∞ –º–æ–Ω—Ç–∞–∂–∞ –æ–Ω–ª–∞–π–Ω —Å —Å–µ—Ä—Ç–∏—Ñ–∏–∫–∞—Ç–æ–º –∏ –ø–æ–º–æ—â—å—é –≤ —Ç—Ä—É–¥–æ—É—Å—Ç—Ä–æ–π—Å—Ç–≤–µ.",N/A,N/A,N/A,https://skillbox.ru/course/film-editor/
4125,"–ü—Ä–æ–≥—Ä–∞–º–º–∏—Å—Ç –º–∏–∫—Ä–æ–∫–æ–Ω—Ç—Ä–æ–ª–ª–µ¬≠—Ä–æ–≤","‚ö°Ô∏è–û–Ω–ª–∞–π–Ω-–∫—É—Ä—Å ¬´–ü—Ä–æ–≥—Ä–∞–º–º–∏—Å—Ç –º–∏–∫—Ä–æ–∫–æ–Ω—Ç—Ä–æ–ª–ª–µ¬≠—Ä–æ–≤¬ª –æ—Ç Skillbox –¥–ª—è –Ω–∞—á–∏–Ω–∞—é—â–∏—Ö: —Å—Ç–∞–Ω—å—Ç–µ –ø—Ä–æ–≥—Ä–∞–º–º–∏—Å—Ç–æ–º –º–∏–∫—Ä–æ–∫–æ–Ω—Ç—Ä–æ–ª–ª–µ¬≠—Ä–æ–≤ —Å –Ω—É–ª—è –∑–∞ 12 –º–µ—Å—è—Ü–µ–≤. ‚≠ê –£—á–∏—Å—å —É –ø—Ä–µ–ø–æ–¥–∞–≤–∞—Ç–µ–ª–µ–π –ù–ò–Ø–£ –ú–ò–§–ò —Å –≤–µ–±–∏–Ω–∞—Ä–∞–º–∏ –∏ –ø—Ä–∞–∫—Ç–∏–∫–æ–π –Ω–∞ —Ä–µ–∞–ª—å–Ω—ã—Ö –∫–µ–π—Å–∞—Ö. –û–±—É—á–µ–Ω–∏–µ –Ω–∞ –ø—Ä–æ–≥—Ä–∞–º–º–∏—Å—Ç–∞ –º–∏–∫—Ä–æ–∫–æ–Ω—Ç—Ä–æ–ª–ª–µ¬≠—Ä–æ–≤ –æ–Ω–ª–∞–π–Ω —Å —Å–µ—Ä—Ç–∏—Ñ–∏–∫–∞—Ç–æ–º –ø–æ –æ–∫–æ–Ω—á–∞–Ω–∏—é.",N/A,N/A,N/A,https://skillbox.ru/course/profession-programmer-of-microcontrollers/
3497,"–ü—Ä–æ—Ñ–µ—Å—Å–∏—è –ë–∏–∑–Ω–µ—Å-–∞–Ω–∞–ª–∏—Ç–∏–∫","‚ö°Ô∏è–û–Ω–ª–∞–π–Ω-–∫—É—Ä—Å ¬´–ë–∏–∑–Ω–µ—Å-–∞–Ω–∞–ª–∏—Ç–∏–∫¬ª –æ—Ç Skillbox –¥–ª—è –Ω–∞—á–∏–Ω–∞—é—â–∏—Ö: —Å—Ç–∞–Ω—å—Ç–µ –±–∏–∑–Ω–µ—Å-–∞–Ω–∞–ª–∏—Ç–∏–∫–æ–º —Å –Ω—É–ª—è –∑–∞ 8 –º–µ—Å—è—Ü–µ–≤. ‚úÖ –í—ã –Ω–∞—É—á–∏—Ç–µ—Å—å —Ä–∞–∑—Ä–∞–±–∞—Ç—ã–≤–∞—Ç—å —Å—Ç—Ä–∞—Ç–µ–≥–∏–∏, –∞–Ω–∞–ª–∏–∑–∏—Ä–æ–≤–∞—Ç—å –±–∏–∑–Ω–µ—Å-–ø—Ä–æ—Ü–µ—Å—Å—ã –∏ —É–ø—Ä–∞–≤–ª—è—Ç—å —Ä–∏—Å–∫–∞–º–∏. ‚≠ê 9 –º–µ—Å—è—Ü–µ–≤ –¥–æ—Å—Ç—É–ø–∞ –∫ Business Studio –∏ –ø—Ä–∞–∫—Ç–∏–∫–∞ –æ—Ç –ì–∞–∑–ø—Ä–æ–º–±–∞–Ω–∫–∞ –∏ Nefis. –û–±—É—á–µ–Ω–∏–µ –Ω–∞ –±–∏–∑–Ω–µ—Å-–∞–Ω–∞–ª–∏—Ç–∏–∫–∞ –æ–Ω–ª–∞–π–Ω —Å —Å–µ—Ä—Ç–∏—Ñ–∏–∫–∞—Ç–æ–º –∏ –ø–æ–º–æ—â—å –≤ —Ç—Ä—É–¥–æ—É—Å—Ç—Ä–æ–π—Å—Ç–≤–µ!",4.7,N/A,N/A,https://skillbox.ru/course/profession-business-analyst/
4503,"–ü—Ä–æ—Ñ–µ—Å—Å–∏—è –ò–Ω–∂–µ–Ω–µ—Ä‚Ä®–ø–æ¬†—Ç–µ—Å—Ç–∏—Ä–æ–≤–∞–Ω–∏—é","‚ö°Ô∏è–û–Ω–ª–∞–π–Ω-–∫—É—Ä—Å –ø—Ä–æ–≥—Ä–∞–º–º–∏—Ä–æ–≤–∞–Ω–∏—è ¬´–ü—Ä–æ—Ñ–µ—Å—Å–∏—è –ò–Ω–∂–µ–Ω–µ—Ä –ø–æ —Ç–µ—Å—Ç–∏—Ä–æ–≤–∞–Ω–∏—é¬ª –æ—Ç Skillbox –¥–ª—è –Ω–∞—á–∏–Ω–∞—é—â–∏—Ö: —Å—Ç–∞–Ω—å—Ç–µ –∏–Ω–∂–µ–Ω–µ—Ä–æ–º –ø–æ —Ç–µ—Å—Ç–∏—Ä–æ–≤–∞–Ω–∏—é —Å –Ω—É–ª—è –∑–∞ 10 –º–µ—Å—è—Ü–µ–≤. ‚úÖ 3 —è–∑—ã–∫–∞ –ø—Ä–æ–≥—Ä–∞–º–º–∏—Ä–æ–≤–∞–Ω–∏—è –Ω–∞ –≤—ã–±–æ—Ä, –ø—Ä–∞–∫—Ç–∏–∫–∞ —Å –ø–µ—Ä–≤–æ–≥–æ –∑–∞–Ω—è—Ç–∏—è, 3 –ø—Ä–æ–µ–∫—Ç–∞ –≤ –ø–æ—Ä—Ç—Ñ–æ–ª–∏–æ, –≤—ã—Ö–æ–¥ –Ω–∞ —Ñ—Ä–∏–ª–∞–Ω—Å —á–µ—Ä–µ–∑ –ø–æ–ª–≥–æ–¥–∞ –æ–±—É—á–µ–Ω–∏—è. ‚≠ê –û–±—É—á–µ–Ω–∏–µ –Ω–∞ —Ç–µ—Å—Ç–∏—Ä–æ–≤—â–∏–∫–∞ –æ–Ω–ª–∞–π–Ω —Å —Å–µ—Ä—Ç–∏—Ñ–∏–∫–∞—Ç–æ–º –∏ –ø–æ–º–æ—â—å—é –≤ —Ç—Ä—É–¥–æ—É—Å—Ç—Ä–æ–π—Å—Ç–≤–µ.","4.8 –∏–∑ 5",N/A,N/A,https://skillbox.ru/course/profession-test/
61,"–ü—Ä–æ—Ñ–µ—Å—Å–∏—è –ò–Ω—Ç–µ—Ä–Ω–µ—Ç-–º–∞—Ä–∫–µ—Ç–æ–ª–æ–≥","‚ö°Ô∏è–û–Ω–ª–∞–π–Ω-–∫—É—Ä—Å ¬´–ò–Ω—Ç–µ—Ä–Ω–µ—Ç-–º–∞—Ä–∫–µ—Ç–æ–ª–æ–≥¬ª –æ—Ç Skillbox –¥–ª—è –Ω–∞—á–∏–Ω–∞—é—â–∏—Ö: —Å—Ç–∞–Ω—å—Ç–µ –∏–Ω—Ç–µ—Ä–Ω–µ—Ç-–º–∞—Ä–∫–µ—Ç–æ–ª–æ–≥–æ–º —Å –Ω—É–ª—è –∑–∞ 12 –º–µ—Å—è—Ü–µ–≤. ‚úÖ –í—ã –Ω–∞—É—á–∏—Ç–µ—Å—å –ø—Ä–∏–≤–ª–µ–∫–∞—Ç—å –∫–ª–∏–µ–Ω—Ç–æ–≤ –æ–Ω–ª–∞–π–Ω –¥–ª—è —É–≤–µ–ª–∏—á–µ–Ω–∏—è –∑–∞–∫–∞–∑–æ–≤ –∏ –¥–æ—Ö–æ–¥–∞ –±–∏–∑–Ω–µ—Å–∞. ‚≠ê –í—ã–±–µ—Ä–∏ –æ–¥–Ω—É –∏–∑ 4 —Å–ø–µ—Ü–∏–∞–ª–∏–∑–∞—Ü–∏–π –∏ –ø–æ–ª—É—á–∏ 5000 —Ä—É–±–ª–µ–π –Ω–∞ –ø—Ä–æ–¥–≤–∏–∂–µ–Ω–∏–µ. –û–±—É—á–µ–Ω–∏–µ –Ω–∞ –∏–Ω—Ç–µ—Ä–Ω–µ—Ç-–º–∞—Ä–∫–µ—Ç–æ–ª–æ–≥–∞ –æ–Ω–ª–∞–π–Ω —Å —Å–µ—Ä—Ç–∏—Ñ–∏–∫–∞—Ç–æ–º –∏ –ø–æ–º–æ—â—å –≤ —Ç—Ä—É–¥–æ—É—Å—Ç—Ä–æ–π—Å—Ç–≤–µ!","4.9 –∏–∑ 5",N/A,N/A,https://skillbox.ru/course/profession-marketolog-old/
4191,"–¢–æ–ø-—Å–µ–ª–ª–µ—Ä –Ω–∞¬†–º–∞—Ä–∫–µ—Ç–ø–ª–µ–π—Å–∞—Ö","‚ö°Ô∏è–û–Ω–ª–∞–π–Ω-–∫—É—Ä—Å ¬´–¢–æ–ø-—Å–µ–ª–ª–µ—Ä –Ω–∞ –º–∞—Ä–∫–µ—Ç–ø–ª–µ–π—Å–∞—Ö¬ª –æ—Ç Skillbox –¥–ª—è –Ω–∞—á–∏–Ω–∞—é—â–∏—Ö: —Å—Ç–∞–Ω—å—Ç–µ —Ç–æ–ø-—Å–µ–ª–ª–µ—Ä–æ–º –Ω–∞ –º–∞—Ä–∫–µ—Ç–ø–ª–µ–π—Å–∞—Ö —Å –Ω—É–ª—è –∑–∞ 7 –º–µ—Å—è—Ü–µ–≤. ‚úÖ –í—ã –Ω–∞—É—á–∏—Ç–µ—Å—å —ç—Ñ—Ñ–µ–∫—Ç–∏–≤–Ω–æ –ø—Ä–æ–¥–≤–∏–≥–∞—Ç—å –º–∞–≥–∞–∑–∏–Ω—ã –Ω–∞ –º–∞—Ä–∫–µ—Ç–ø–ª–µ–π—Å–∞—Ö. ‚≠ê –≠–∫–æ–Ω–æ–º—å—Ç–µ 150 000 —Ä—É–±, –ø–æ–ª—É—á–∞–π—Ç–µ –±–æ–Ω—É—Å—ã –∏ –∫—É—Ä—Å—ã –ø–æ –∑–∞–∫—É–ø–∫–∞–º –∏–∑ –ö–∏—Ç–∞—è! –û–±—É—á–µ–Ω–∏–µ –Ω–∞ —Ç–æ–ø-—Å–µ–ª–ª–µ—Ä–∞ –Ω–∞ –º–∞—Ä–∫–µ—Ç–ø–ª–µ–π—Å–∞—Ö –æ–Ω–ª–∞–π–Ω —Å —Å–µ—Ä—Ç–∏—Ñ–∏–∫–∞—Ç–æ–º –∏ –ø–æ–º–æ—â—å –≤ —Ç—Ä—É–¥–æ—É—Å—Ç—Ä–æ–π—Å—Ç–≤–µ!",N/A,N/A,N/A,https://skillbox.ru/course/topseller/
profession-editor,"–ü—Ä–æ—Ñ–µ—Å—Å–∏—è –†–µ–¥–∞–∫—Ç–æ—Ä PRO","‚ö°Ô∏è–û–Ω–ª–∞–π–Ω-–∫—É—Ä—Å ¬´–ü—Ä–æ—Ñ–µ—Å—Å–∏—è –†–µ–¥–∞–∫—Ç–æ—Ä PRO¬ª –æ—Ç Skillbox –¥–ª—è –Ω–∞—á–∏–Ω–∞—é—â–∏—Ö: —Å—Ç–∞–Ω—å—Ç–µ —Ä–µ–¥–∞–∫—Ç–æ—Ä–æ–º —Å –Ω—É–ª—è –∑–∞ 9 –º–µ—Å—è—Ü–µ–≤. ‚úÖ –í—ã –Ω–∞—É—á–∏—Ç–µ—Å—å —Ä–µ–¥–∞–∫—Ç–∏—Ä–æ–≤–∞—Ç—å —Ç–µ–∫—Å—Ç—ã, –ø–æ–¥–±–∏—Ä–∞—Ç—å —Ñ–æ—Ä–º–∞—Ç—ã –∏ –ø–ª–∞–Ω–∏—Ä–æ–≤–∞—Ç—å –∫–æ–Ω—Ç–µ–Ω—Ç –ø–æ–¥ –±–∏–∑–Ω–µ—Å-–∑–∞–¥–∞—á–∏. ‚≠ê 21 –∑–∞–¥–∞—á–∞, –ø–æ–º–æ—â—å –≤ —Ç—Ä—É–¥–æ—É—Å—Ç—Ä–æ–π—Å—Ç–≤–µ –∏ –¥–æ—Å—Ç—É–ø –∫ –∫—É—Ä—Å—É –Ω–∞–≤—Å–µ–≥–¥–∞. –û–±—É—á–µ–Ω–∏–µ –Ω–∞ —Ä–µ–¥–∞–∫—Ç–æ—Ä–∞ –æ–Ω–ª–∞–π–Ω —Å —Å–µ—Ä—Ç–∏—Ñ–∏–∫–∞—Ç–æ–º –∏ –ø–æ–º–æ—â—å –≤ —Ç—Ä—É–¥–æ—É—Å—Ç—Ä–æ–π—Å—Ç–≤–µ!","4.7 –∏–∑ 5 ‚Äî",N/A,N/A,https://skillbox.ru/course/profession-editor/
662,"–ü—Ä–æ—Ñ–µ—Å—Å–∏—è –°—Ü–µ–Ω–∞—Ä–∏—Å—Ç","‚ö°Ô∏è–û–Ω–ª–∞–π–Ω-–∫—É—Ä—Å ¬´–°—Ü–µ–Ω–∞—Ä–∏—Å—Ç¬ª –æ—Ç Skillbox –¥–ª—è –Ω–∞—á–∏–Ω–∞—é—â–∏—Ö: —Å—Ç–∞–Ω—å—Ç–µ —Å—Ü–µ–Ω–∞—Ä–∏—Å—Ç–æ–º —Å –Ω—É–ª—è –∑–∞ 8 –º–µ—Å—è—Ü–µ–≤. ‚úÖ –í—ã –Ω–∞—É—á–∏—Ç–µ—Å—å –ø–∏—Å–∞—Ç—å —Å—Ü–µ–Ω–∞—Ä–∏–∏ –¥–ª—è —Ä–∞–∑–Ω—ã—Ö —Ñ–æ—Ä–º–∞—Ç–æ–≤: –∫–æ—Ä–æ—Ç–∫–∏–π –º–µ—Ç—Ä, —Å–µ—Ä–∏–∞–ª—ã, –∏–≥—Ä—ã . ‚≠ê 3 —Å—Ü–µ–Ω–∞—Ä–∏—è –≤ –ø–æ—Ä—Ç—Ñ–æ–ª–∏–æ: –∫–∏–Ω–æ, –∏–≥—Ä–∞ –∏ —Å–µ—Ä–∏–∞–ª. –†–∞–±–æ—Ç–∞ —Å —Ä–µ–∞–ª—å–Ω—ã–º–∏ –ø—Ä–æ–µ–∫—Ç–∞–º–∏ –≤ –∫–æ–º–∞–Ω–¥–∞—Ö —Å –Ω–∞—Å—Ç–∞–≤–Ω–∏–∫–∞–º–∏ ¬´–í–∏–¥–µ–æ–º–∞—Å—Ç–µ—Ä—Å–∫–æ–π¬ª. –û–±—É—á–µ–Ω–∏–µ –Ω–∞ —Å—Ü–µ–Ω–∞—Ä–∏—Å—Ç–∞ –æ–Ω–ª–∞–π–Ω —Å —Å–µ—Ä—Ç–∏—Ñ–∏–∫–∞—Ç–æ–º –∏ –ø–æ–º–æ—â—å—é –≤ —Ç—Ä—É–¥–æ—É—Å—Ç—Ä–æ–π—Å—Ç–≤–µ.",N/A,N/A,N/A,https://skillbox.ru/course/profession-screenwriter/
121,"–ü—Ä–æ—Ñ–µ—Å—Å–∏—è –ö–æ–º–º–µ—Ä—á–µ—Å–∫–∏–π –∏–ª–ª—é—Å—Ç—Ä–∞—Ç–æ—Ä","‚ö°Ô∏è–û–Ω–ª–∞–π–Ω-–∫—É—Ä—Å ¬´–ö–æ–º–º–µ—Ä—á–µ—Å–∫–∏–π –∏–ª–ª—é—Å—Ç—Ä–∞—Ç–æ—Ä¬ª –æ—Ç Skillbox –¥–ª—è –Ω–∞—á–∏–Ω–∞—é—â–∏—Ö: —Å—Ç–∞–Ω—å—Ç–µ –∏–ª–ª—é—Å—Ç—Ä–∞—Ç–æ—Ä–æ–º —Å –Ω—É–ª—è –∑–∞ 9 –º–µ—Å—è—Ü–µ–≤. ‚úÖ –í—ã –Ω–∞—É—á–∏—Ç–µ—Å—å —Å–æ–∑–¥–∞–≤–∞—Ç—å –ø—Ä–æ–¥–∞—é—â–∏–µ –∏–ª–ª—é—Å—Ç—Ä–∞—Ü–∏–∏ –¥–ª—è –±—Ä–µ–Ω–¥–æ–≤ –∏ –º–µ–¥–∏–∞. ‚≠ê 10+ –ø—Ä–æ–µ–∫—Ç–æ–≤ –≤ –ø–æ—Ä—Ç—Ñ–æ–ª–∏–æ –∏ –∫–æ–Ω–∫—É—Ä—Å—ã –æ—Ç –∫–æ–º–ø–∞–Ω–∏–π-–ø–∞—Ä—Ç–Ω–µ—Ä–æ–≤ –¥–ª—è –≤–∞—à–µ–≥–æ —É—Å–ø–µ—Ö–∞. –û–±—É—á–µ–Ω–∏–µ –Ω–∞ –∫–æ–º–º–µ—Ä—á–µ—Å–∫–æ–≥–æ –∏–ª–ª—é—Å—Ç—Ä–∞—Ç–æ—Ä–∞ –æ–Ω–ª–∞–π–Ω —Å —Å–µ—Ä—Ç–∏—Ñ–∏–∫–∞—Ç–æ–º –∏ –ø–æ–º–æ—â—å –≤ —Ç—Ä—É–¥–æ—É—Å—Ç—Ä–æ–π—Å—Ç–≤–µ!","4.8 –∏–∑ 5",N/A,N/A,https://skillbox.ru/course/profession-commercial-illustrator-2/
3529,"–ü—Ä–æ—Ñ–µ—Å—Å–∏—è –°–ø–µ—Ü–∏–∞–ª–∏—Å—Ç –ø–æ–∫–∏–±–µ—Ä–±–µ–∑–æ–ø–∞—Å¬≠–Ω–æ¬≠—Å—Ç–∏","‚ö°Ô∏è–û–Ω–ª–∞–π–Ω-–∫—É—Ä—Å ¬´–°–ø–µ—Ü–∏–∞–ª–∏—Å—Ç –ø–æ –∫–∏–±–µ—Ä–±–µ–∑–æ–ø–∞—Å–Ω–æ—Å—Ç–∏¬ª –æ—Ç Skillbox –¥–ª—è –Ω–∞—á–∏–Ω–∞—é—â–∏—Ö: —Å—Ç–∞–Ω—å—Ç–µ —Å–ø–µ—Ü–∏–∞–ª–∏—Å—Ç–æ–º –ø–æ –∫–∏–±–µ—Ä–±–µ–∑–æ–ø–∞—Å–Ω–æ—Å—Ç–∏ —Å –Ω—É–ª—è –∑–∞ 12 –º–µ—Å—è—Ü–µ–≤. ‚úÖ 12 –≤–∏—Ä—Ç—É–∞–ª—å–Ω—ã—Ö –º–∞—à–∏–Ω –¥–ª—è —Ç—Ä–µ–Ω–∏—Ä–æ–≤–∫–∏, 2 –ø—Ä–æ–µ–∫—Ç–∞ –≤ –ø–æ—Ä—Ç—Ñ–æ–ª–∏–æ, –º–Ω–æ–≥–æ –ø—Ä–∞–∫—Ç–∏–∫–∏, –æ–±—É—á–µ–Ω–∏–µ –±–µ–∑ –∂—ë—Å—Ç–∫–∏—Ö –¥–µ–¥–ª–∞–π–Ω–æ–≤. ‚≠ê –û–±—É—á–µ–Ω–∏–µ –Ω–∞ —Å–ø–µ—Ü–∏–∞–ª–∏—Å—Ç–∞ –ø–æ –∫–∏–±–µ—Ä–±–µ–∑–æ–ø–∞—Å–Ω–æ—Å—Ç–∏ –æ–Ω–ª–∞–π–Ω —Å —Å–µ—Ä—Ç–∏—Ñ–∏–∫–∞—Ç–æ–º –∏ –ø–æ–º–æ—â—å—é –≤ —Ç—Ä—É–¥–æ—É—Å—Ç—Ä–æ–π—Å—Ç–≤–µ.","4.8 –∏–∑ 5",N/A,N/A,https://skillbox.ru/course/profession-cybersecurity/
912,"–ü—Ä–æ—Ñ–µ—Å—Å–∏—è –†–∞–∑—Ä–∞–±–æ—Ç—á–∏–∫ –°++‚Ä® —Å¬†–Ω—É–ª—è","‚ö°Ô∏è–û–Ω–ª–∞–π–Ω-–∫—É—Ä—Å ¬´–†–∞–∑—Ä–∞–±–æ—Ç—á–∏–∫ –Ω–∞ C++¬ª –æ—Ç Skillbox –¥–ª—è –Ω–∞—á–∏–Ω–∞—é—â–∏—Ö: —Å—Ç–∞–Ω—å—Ç–µ —Ä–∞–∑—Ä–∞–±–æ—Ç—á–∏–∫–æ–º –Ω–∞ C++ —Å –Ω—É–ª—è –∑–∞ 7 –º–µ—Å—è—Ü–µ–≤. ‚úÖ –ü–æ–∏—Å–∫–æ–≤—ã–π –¥–≤–∏–∂–æ–∫ –≤ –ø–æ—Ä—Ç—Ñ–æ–ª–∏–æ, –≤–æ–∑–º–æ–∂–Ω–æ—Å—Ç—å —Å—Ç–∞–∂–∏—Ä–æ–≤–∫–∏ –≤ –°–ö–ë –ö–æ–Ω—Ç—É—Ä. ‚≠ê –û–±—É—á–µ–Ω–∏–µ –Ω–∞ —Ä–∞–∑—Ä–∞–±–æ—Ç—á–∏–∫–∞ –Ω–∞ C++ –æ–Ω–ª–∞–π–Ω –±–µ–∑ —Ä–∞—Å–ø–∏—Å–∞–Ω–∏–π –∏ –¥–µ–¥–ª–∞–π–Ω–æ–≤ —Å —Å–µ—Ä—Ç–∏—Ñ–∏–∫–∞—Ç–æ–º –∏ –ø–æ–º–æ—â—å—é –≤ —Ç—Ä—É–¥–æ—É—Å—Ç—Ä–æ–π—Å—Ç–≤–µ.","4.7 –∏–∑ 5",N/A,N/A,https://skillbox.ru/course/profession-c-plus-plus/
paket-data-scientist-0-junior,"Data Scientist —Å¬†–Ω—É–ª—è –¥–æ¬†Junior","‚ö°Ô∏è–û–Ω–ª–∞–π–Ω-–∫—É—Ä—Å ¬´Data Scientist Junior¬ª –æ—Ç Skillbox –¥–ª—è –Ω–∞—á–∏–Ω–∞—é—â–∏—Ö: —Å—Ç–∞–Ω—å—Ç–µ —Å–ø–µ—Ü–∏–∞–ª–∏—Å—Ç–æ–º –ø–æ Data Science —Å –Ω—É–ª—è –∑–∞ 9 –º–µ—Å—è—Ü–µ–≤. ‚úÖ –î–æ 9 –ø—Ä–æ–µ–∫—Ç–æ–≤ –≤ –ø–æ—Ä—Ç—Ñ–æ–ª–∏–æ, 2 —Å–ø–µ—Ü–∏–∞–ª–∏–∑–∞—Ü–∏–∏ –Ω–∞ –≤—ã–±–æ—Ä, –ø–∞—Ä—Ç–Ω—ë—Ä –∫—É—Ä—Å–∞ - Yandex Cloud. ‚≠ê –û–±—É—á–µ–Ω–∏–µ –Ω–∞ –¥–∞—Ç–∞ —Å–∞–π–µ–Ω—Ç–∏—Å—Ç–∞ –æ–Ω–ª–∞–π–Ω —Å —Å–µ—Ä—Ç–∏—Ñ–∏–∫–∞—Ç–æ–º –∏ –ø–æ–º–æ—â—å—é –≤ —Ç—Ä—É–¥–æ—É—Å—Ç—Ä–æ–π—Å—Ç–≤–µ.",N/A,N/A,N/A,https://skillbox.ru/course/paket-data-scientist-0-junior/
profession-1c-analyst,"–ü—Ä–æ—Ñ–µ—Å—Å–∏—è –ê–Ω–∞–ª–∏—Ç–∏–∫ 1–°","‚ö°Ô∏è–û–Ω–ª–∞–π–Ω-–∫—É—Ä—Å ¬´–ê–Ω–∞–ª–∏—Ç–∏–∫ 1C¬ª –æ—Ç Skillbox –¥–ª—è –Ω–∞—á–∏–Ω–∞—é—â–∏—Ö: —Å—Ç–∞–Ω—å—Ç–µ –∞–Ω–∞–ª–∏—Ç–∏–∫–æ–º 1C —Å –Ω—É–ª—è –∑–∞ 8 –º–µ—Å—è—Ü–µ–≤. ‚úÖ –í—ã –Ω–∞—É—á–∏—Ç–µ—Å—å –∞–≤—Ç–æ–º–∞—Ç–∏–∑–∏—Ä–æ–≤–∞—Ç—å –ø—Ä–æ—Ü–µ—Å—Å—ã –∏ –∞–Ω–∞–ª–∏–∑–∏—Ä–æ–≤–∞—Ç—å –¥–∞–Ω–Ω—ã–µ –Ω–∞ –±–∞–∑–µ ¬´1C: –ü—Ä–µ–¥–ø—Ä–∏—è—Ç–∏–µ¬ª. ‚≠ê –°–µ—Ä—Ç–∏—Ñ–∏—Ü–∏—Ä–æ–≤–∞–Ω–Ω—ã–π –∫—É—Ä—Å 1C: —Å—Ç–∞–∂–∏—Ä–æ–≤–∫–∞ —á–µ—Ä–µ–∑ 2 –º–µ—Å—è—Ü–∞ –∏ 3 –ø—Ä–æ–µ–∫—Ç–∞ –≤ –ø–æ—Ä—Ç—Ñ–æ–ª–∏–æ. –û–±—É—á–µ–Ω–∏–µ –Ω–∞ 1–°-–∞–Ω–∞–ª–∏—Ç–∏–∫–∞ –æ–Ω–ª–∞–π–Ω —Å —Å–µ—Ä—Ç–∏—Ñ–∏–∫–∞—Ç–æ–º –∏ –ø–æ–º–æ—â—å –≤ —Ç—Ä—É–¥–æ—É—Å—Ç—Ä–æ–π—Å—Ç–≤–µ!",N/A,N/A,N/A,https://skillbox.ru/course/profession-1c-analyst/
773,Python,"‚ö°Ô∏è –û–Ω–ª–∞–π–Ω-–∫—É—Ä—Å ¬´Python¬ª –æ—Ç Skillbox –¥–ª—è –Ω–∞—á–∏–Ω–∞—é—â–∏—Ö: —Å—Ç–∞–Ω—å—Ç–µ —Ä–∞–∑—Ä–∞–±–æ—Ç—á–∏–∫–æ–º –Ω–∞ Python —Å –Ω—É–ª—è –∑–∞ 4 –º–µ—Å—è—Ü–∞. ‚úÖ –í—ã –Ω–∞—É—á–∏—Ç–µ—Å—å –æ—Å–Ω–æ–≤–∞–º –ø—Ä–æ–≥—Ä–∞–º–º–∏—Ä–æ–≤–∞–Ω–∏—è –Ω–∞ Python. ‚≠ê –ñ–∏–≤–∞—è –æ–±—Ä–∞—Ç–Ω–∞—è —Å–≤—è–∑—å, –ø—Ä–æ—Å—Ç–æ–µ –æ–±—ä—è—Å–Ω–µ–Ω–∏–µ –∏ –∫—Ä—É–ø–Ω—ã–π –ø—Ä–æ–µ–∫—Ç –≤ –ø–æ—Ä—Ç—Ñ–æ–ª–∏–æ. –û–±—É—á–µ–Ω–∏–µ –Ω–∞ Python-–ø—Ä–æ–≥—Ä–∞–º–º–∏—Å—Ç–∞ –æ–Ω–ª–∞–π–Ω —Å —Å–µ—Ä—Ç–∏—Ñ–∏–∫–∞—Ç–æ–º –ø–æ –æ–∫–æ–Ω—á–∞–Ω–∏–∏.","4.8 –∏–∑ 5",N/A,N/A,https://skillbox.ru/course/python-basic/
4452,"–ö—É—Ä—Å Java-—Ä–∞–∑—Ä–∞–±–æ—Ç—á–∏–∫","‚ö°Ô∏è–û–Ω–ª–∞–π–Ω-–∫—É—Ä—Å ¬´Java¬ª –æ—Ç Skillbox –¥–ª—è –Ω–∞—á–∏–Ω–∞—é—â–∏—Ö: —Å—Ç–∞–Ω—å—Ç–µ —Ä–∞–∑—Ä–∞–±–æ—Ç—á–∏–∫–æ–º –Ω–∞ Java —Å –Ω—É–ª—è –∑–∞ 4 –º–µ—Å—è—Ü–∞. ‚úÖ –í—ã –Ω–∞—É—á–∏—Ç–µ—Å—å –æ—Å–Ω–æ–≤–∞–º –ø—Ä–æ–≥—Ä–∞–º–º–∏—Ä–æ–≤–∞–Ω–∏—è –Ω–∞ Java. ‚≠ê –°–æ–∑–¥–∞–π 4 –ø—Ä–æ–µ–∫—Ç–∞ —Å –ø—Ä–∞–∫—Ç–∏–∫–æ–π –Ω–∞ 80% –∏ —Å—Ç–∞–∂–∏—Ä–æ–≤–∫–æ–π –≤ –°–ö–ë ¬´–ö–æ–Ω—Ç—É—Ä¬ª. –û–±—É—á–µ–Ω–∏–µ –Ω–∞ –¥–∂–∞–≤–∞ —Ä–∞–∑—Ä–∞–±–æ—Ç—á–∏–∫–∞ –æ–Ω–ª–∞–π–Ω —Å —Å–µ—Ä—Ç–∏—Ñ–∏–∫–∞—Ç–æ–º –ø–æ –æ–∫–æ–Ω—á–∞–Ω–∏—é.","4.7 –∏–∑ 5",N/A,N/A,https://skillbox.ru/course/java/
python-autotests,"–ê–≤¬≠—Ç–æ¬≠–º–∞¬≠—Ç–∏¬≠–∑–∏¬≠—Ä–æ¬≠–≤–∞–Ω¬≠–Ω–æ–µ —Ç–µ—Å—Ç–∏—Ä–æ–≤–∞–Ω–∏–µ –Ω–∞¬†Python","‚ö°Ô∏è–û–Ω–ª–∞–π–Ω-–∫—É—Ä—Å ¬´–ê–≤—Ç–æ–º–∞—Ç–∏–∑–∏—Ä–æ–≤–∞–Ω–Ω–æ–µ —Ç–µ—Å—Ç–∏—Ä–æ–≤–∞–Ω–∏–µ –Ω–∞ Python¬ª –æ—Ç Skillbox –¥–ª—è –Ω–∞—á–∏–Ω–∞—é—â–∏—Ö: —Å—Ç–∞–Ω—å—Ç–µ –∞–≤—Ç–æ—Ç–µ—Å—Ç–µ—Ä–æ–º –Ω–∞ Python —Å –Ω—É–ª—è –∑–∞ 9 –º–µ—Å—è—Ü–µ–≤. ‚úÖ –í—ã –Ω–∞—É—á–∏—Ç–µ—Å—å –∞–≤—Ç–æ–º–∞—Ç–∏–∑–∏—Ä–æ–≤–∞—Ç—å —Ç–µ—Å—Ç–∏—Ä–æ–≤–∞–Ω–∏–µ –Ω–∞ Python. ‚≠ê –û–±—É—á–µ–Ω–∏–µ –±–µ–∑ ¬´–≤–æ–¥—ã¬ª",N/A,N/A,N/A,https://skillbox.ru/course/python-autotests/
3529,"–ü–µ–Ω—Ç–µ—Å—Ç–µ—Ä —Å¬†–Ω—É–ª—è","–û–Ω–ª–∞–π–Ω-–∫—É—Ä—Å ¬´–ü–µ–Ω—Ç–µ—Å—Ç–µ—Ä ‚Ä®—Å –Ω—É–ª—è¬ª –æ—Ç Skillbox: –Ω–∞—É—á–∏—Å—å –ø—Ä–æ–≤–æ–¥–∏—Ç—å –ø–µ–Ω—Ç–µ—Å—Ç. –ö—É—Ä—Å –≤–µ–¥—É—Ç: –õ–µ–≤ –ü–∞–ª–µ–π (–Ω–∞—á–∞–ª—å–Ω–∏–∫ —Å–ª—É–∂–±—ã –∏–Ω—Ñ–æ—Ä–º–∞—Ü–∏–æ–Ω–Ω–æ–π –±–µ–∑–æ–ø–∞—Å–Ω–æ—Å—Ç–∏ –°–û –ï–≠–°.), –í–∞–ª–µ—Ä–∏–π –õ–∏–Ω—å–∫–æ–≤ (–∏–Ω—Å—Ç—Ä—É–∫—Ç–æ—Ä –ø–æ —Å–µ—Ä—Ç–∏—Ñ–∏–∫–∞—Ü–∏–∏ –∫–æ–º–ø–∞–Ω–∏–∏ Cisco —É—Ä–æ–≤–Ω—è CCNP). –û–±—É—á–µ–Ω–∏–µ –Ω–∞ —Å–ø–µ—Ü–∏–∞–ª–∏—Å—Ç–∞ –ø–æ –ø–µ–Ω—Ç–µ—Å—Ç—É –≤ –ú–æ—Å–∫–≤–µ, –°–∞–Ω–∫—Ç-–ü–µ—Ç–µ—Ä–±—É—Ä–≥–µ –∏ –≤ –ª—é–±–æ–º —Ä–µ–≥–∏–æ–Ω–µ –†–§ —Å —Å–µ—Ä—Ç–∏—Ñ–∏–∫–∞—Ç–æ–º.",N/A,N/A,N/A,https://skillbox.ru/course/pentester/
1c-analytics-basics,"–û—Å–Ω–æ–≤—ã –∞–Ω–∞–ª–∏—Ç–∏–∫–∏ 1C","‚ö°Ô∏è–û–Ω–ª–∞–π–Ω-–∫—É—Ä—Å ¬´–û—Å–Ω–æ–≤—ã –∞–Ω–∞–ª–∏—Ç–∏–∫–∏ 1C¬ª –æ—Ç Skillbox –¥–ª—è –Ω–∞—á–∏–Ω–∞—é—â–∏—Ö: —Å—Ç–∞–Ω—å—Ç–µ –∞–Ω–∞–ª–∏—Ç–∏–∫–æ–º 1–° —Å –Ω—É–ª—è –∑–∞ 2 –º–µ—Å—è—Ü–∞. ‚úÖ –í—ã –Ω–∞—É—á–∏—Ç–µ—Å—å –≤–Ω–µ–¥—Ä—è—Ç—å –∏ –∞–¥–º–∏–Ω–∏—Å—Ç—Ä–∏—Ä–æ–≤–∞—Ç—å —Å–∏—Å—Ç–µ–º—ã –Ω–∞ –±–∞–∑–µ ¬´1–°:–ü—Ä–µ–¥–ø—Ä–∏—è—Ç–∏–µ¬ª. ‚≠ê –ö—É—Ä—Å —Å–µ—Ä—Ç–∏—Ñ–∏—Ü–∏—Ä–æ–≤–∞–Ω —Ñ–∏—Ä–º–æ–π 1–°, –ø–∞—Ä—Ç–Ω–µ—Ä –∫—É—Ä—Å–∞ - WiseAdvice Consulting Group. –û–±—É—á–µ–Ω–∏–µ –Ω–∞ –∞–Ω–∞–ª–∏—Ç–∏–∫–∞ 1–° –æ–Ω–ª–∞–π–Ω —Å —Å–µ—Ä—Ç–∏—Ñ–∏–∫–∞—Ç–æ–º –ø–æ –æ–∫–æ–Ω—á–∞–Ω–∏—é.",N/A,N/A,N/A,https://skillbox.ru/course/1c-analytics-basics/
paket-data-analyst-0-junior,"Data Analyst —Å¬†–Ω—É–ª—è –¥–æ¬†Junior","‚ö°Ô∏è–û–Ω–ª–∞–π–Ω-–∫—É—Ä—Å ¬´Data Analyst —Å –Ω—É–ª—è –¥–æ Junior¬ª –æ—Ç Skillbox –¥–ª—è –Ω–∞—á–∏–Ω–∞—é—â–∏—Ö: —Å—Ç–∞–Ω—å—Ç–µ data-–∞–Ω–∞–ª–∏—Ç–∏–∫–æ–º —Å –Ω—É–ª—è –∑–∞ 9 –º–µ—Å—è—Ü–µ–≤. ‚úÖ –í—ã –Ω–∞—É—á–∏—Ç–µ—Å—å —Ä–µ—à–∞—Ç—å –±–∏–∑–Ω–µ—Å-–∑–∞–¥–∞—á–∏ —Å –ø–æ–º–æ—â—å—é –¥–∞–Ω–Ω—ã—Ö. ‚≠ê –£—á–∏—Å—å —É —ç–∫—Å–ø–µ—Ä—Ç–æ–≤ VK, –°–±–µ—Ä–∞, –í–¢–ë –∏ Visa –¥–ª—è —É—Å–ø–µ—à–Ω–æ–π –∫–∞—Ä—å–µ—Ä—ã. –û–±—É—á–µ–Ω–∏–µ –Ω–∞ –∞–Ω–∞–ª–∏—Ç–∏–∫–∞ –¥–∞–Ω–Ω—ã—Ö –æ–Ω–ª–∞–π–Ω —Å —Å–µ—Ä—Ç–∏—Ñ–∏–∫–∞—Ç–æ–º –ø–æ –æ–∫–æ–Ω—á–∞–Ω–∏—é.",N/A,N/A,N/A,https://skillbox.ru/course/paket-data-analyst-0-junior/
paket-machine-learning-0-junior,"Machine Learning —Å¬†–Ω—É–ª—è –¥–æ¬†Junior","‚ö°Ô∏è–û–Ω–ª–∞–π–Ω-–∫—É—Ä—Å ¬´Machine Learning —Å –Ω—É–ª—è –¥–æ Junior¬ª –æ—Ç Skillbox –¥–ª—è –Ω–∞—á–∏–Ω–∞—é—â–∏—Ö: —Å—Ç–∞–Ω—å—Ç–µ ML-–∏–Ω–∂–µ–Ω–µ—Ä–æ–º —Å –Ω—É–ª—è –∑–∞ 9 –º–µ—Å—è—Ü–µ–≤. ‚úÖ –í—ã –Ω–∞—É—á–∏—Ç–µ—Å—å —Ä–∞–±–æ—Ç–∞—Ç—å —Å –¥–∞–Ω–Ω—ã–º–∏ –∏ —Å–æ–∑–¥–∞–≤–∞—Ç—å –ø–µ—Ä–≤—ã–µ –º–æ–¥–µ–ª–∏ –º–∞—à–∏–Ω–Ω–æ–≥–æ –æ–±—É—á–µ–Ω–∏—è. ‚≠ê –û—Å–≤–æ–π –Ω–∞–≤—ã–∫–∏ –æ—Ç —ç–∫—Å–ø–µ—Ä—Ç–æ–≤ –°–±–µ—Ä–∞, –ÆMoney –∏ Visa —Å 2 –ø—Ä–æ–µ–∫—Ç–∞–º–∏ –≤ –ø–æ—Ä—Ç—Ñ–æ–ª–∏–æ. –û–±—É—á–µ–Ω–∏–µ –Ω–∞ –∏–Ω–∂–µ–Ω–µ—Ä–∞ –º–∞—à–∏–Ω–Ω–æ–≥–æ –æ–±—É—á–µ–Ω–∏—è –æ–Ω–ª–∞–π–Ω —Å —Å–µ—Ä—Ç–∏—Ñ–∏–∫–∞—Ç–æ–º –ø–æ –æ–∫–æ–Ω—á–∞–Ω–∏—é.",N/A,N/A,N/A,https://skillbox.ru/course/paket-machine-learning-0-junior/
linux-os-administration,"–ê–¥–º–∏–Ω–∏—Å—Ç—Ä–∏—Ä–æ–≤–∞¬≠–Ω–∏–µ¬†–û–° Linux","‚ö°Ô∏è–û–Ω–ª–∞–π–Ω-–∫—É—Ä—Å ¬´–ê–¥–º–∏–Ω–∏—Å—Ç—Ä–∏—Ä–æ–≤–∞¬≠–Ω–∏–µ –û–° Linux¬ª –æ—Ç Skillbox –¥–ª—è –Ω–∞—á–∏–Ω–∞—é—â–∏—Ö: —Å—Ç–∞–Ω—å—Ç–µ Linux-–∞–¥–º–∏–Ω–∏—Å—Ç—Ä–∞—Ç–æ—Ä–æ–º —Å –Ω—É–ª—è –∑–∞ 3 –º–µ—Å—è—Ü–∞. ‚úÖ –í—ã –Ω–∞—É—á–∏—Ç–µ—Å—å —Ä–∞–±–æ—Ç–µ —Å –û–° Linux –∏ –ø–æ–¥–¥–µ—Ä–∂–∏–≤–∞—Ç—å —Å–µ—Ä–≤–µ—Ä—ã –≤ –∫–æ–º–ø–∞–Ω–∏–∏. ‚≠ê –û–±—É—á–µ–Ω–∏–µ –±–µ–∑ ¬´–≤–æ–¥—ã¬ª, 80% –∫—É—Ä—Å–∞ - –ø—Ä–∞–∫—Ç–∏–∫–∞. –û–±—É—á–µ–Ω–∏–µ –Ω–∞ Linux-–∞–¥–º–∏–Ω–∏—Å—Ç—Ä–∞—Ç–æ—Ä–∞ –æ–Ω–ª–∞–π–Ω —Å —Å–µ—Ä—Ç–∏—Ñ–∏–∫–∞—Ç–æ–º –ø–æ –æ–∫–æ–Ω—á–∞–Ω–∏—é.",N/A,N/A,N/A,https://skillbox.ru/course/linux-os-administration/
django-framework,"Python-—Ñ—Ä–µ–π–º–≤–æ—Ä–∫ Django","‚ö°Ô∏è–û–Ω–ª–∞–π–Ω-–∫—É—Ä—Å ¬´Django¬ª –æ—Ç Skillbox –¥–ª—è –Ω–∞—á–∏–Ω–∞—é—â–∏—Ö: —Å—Ç–∞–Ω—å—Ç–µ Python-—Ä–∞–∑—Ä–∞–±–æ—Ç—á–∏–∫–æ–º –Ω–∞ Django —Å –Ω—É–ª—è –∑–∞ 3 –º–µ—Å—è—Ü–∞. ‚úÖ –í—ã –Ω–∞—É—á–∏—Ç–µ—Å—å –ø—Ä–æ–≥—Ä–∞–º–º–∏—Ä–æ–≤–∞–Ω–∏—é –Ω–∞ Django. ‚≠ê –ü—Ä–æ–µ–∫—Ç –≤ –ø–æ—Ä—Ç—Ñ–æ–ª–∏–æ, —Å–ø–∏–∫–µ—Ä—ã - –ø—Ä–∞–∫—Ç–∏–∫—É—é—â–∏–µ –≤–µ–±-—Ä–∞–∑—Ä–∞–±–æ—Ç—á–∏–∫–∏. –û–±—É—á–µ–Ω–∏–µ –Ω–∞ —Ä–∞–∑—Ä–∞–±–æ—Ç—á–∏–∫–∞ –Ω–∞ Django –æ–Ω–ª–∞–π–Ω —Å —Å–µ—Ä—Ç–∏—Ñ–∏–∫–∞—Ç–æ–º –ø–æ –æ–∫–æ–Ω—á–∞–Ω–∏—é.",N/A,N/A,N/A,https://skillbox.ru/course/django-framework/
php-developer-base,"PHP-—Ä–∞–∑—Ä–∞–±–æ—Ç—á–∏–∫. –ë–∞–∑–æ–≤—ã–π —É—Ä–æ–≤–µ–Ω—å","‚ö°Ô∏è–û–Ω–ª–∞–π–Ω-–∫—É—Ä—Å ¬´PHP-—Ä–∞–∑—Ä–∞–±–æ—Ç—á–∏–∫. –ë–∞–∑–æ–≤—ã–π —É—Ä–æ–≤–µ–Ω—å¬ª –æ—Ç Skillbox –¥–ª—è –Ω–∞—á–∏–Ω–∞—é—â–∏—Ö: —Å—Ç–∞–Ω—å—Ç–µ PHP-—Ä–∞–∑—Ä–∞–±–æ—Ç—á–∏–∫–æ–º —Å –Ω—É–ª—è –∑–∞ 3 –º–µ—Å—è—Ü–∞. ‚úÖ –í—ã –Ω–∞—É—á–∏—Ç–µ—Å—å –ø—Ä–æ–≥—Ä–∞–º–º–∏—Ä–æ–≤–∞—Ç—å –Ω–∞ PHP. ‚≠ê –≠–∫—Å–ø–µ—Ä—Ç–Ω–∞—è –ø–æ–¥–¥–µ—Ä–∂–∫–∞ –∏ –ø—Ä–æ–µ–∫—Ç –≤ –ø–æ—Ä—Ç—Ñ–æ–ª–∏–æ –ø–æ –æ–∫–æ–Ω—á–∞–Ω–∏–∏ –∫—É—Ä—Å–∞. –û–±—É—á–µ–Ω–∏–µ –Ω–∞ PHP-—Ä–∞–∑—Ä–∞–±–æ—Ç—á–∏–∫–∞ –æ–Ω–ª–∞–π–Ω —Å —Å–µ—Ä—Ç–∏—Ñ–∏–∫–∞—Ç–æ–º –ø–æ –æ–∫–æ–Ω—á–∞–Ω–∏—é.",N/A,N/A,N/A,https://skillbox.ru/course/php-developer-base/
qualitative-research,"–ö–∞—á–µ—Å—Ç–≤–µ–Ω–Ω—ã–µ –∏—Å—Å–ª–µ–¥–æ–≤–∞–Ω–∏—è","–û–Ω–ª–∞–π–Ω-–∫—É—Ä—Å ¬´–ö–∞—á–µ—Å—Ç–≤–µ–Ω–Ω—ã–µ –∏—Å—Å–ª–µ–¥–æ–≤–∞–Ω–∏—è¬ª ‚Äî Skillbox: —Å—Ç–∞–Ω—å —Å–ø–µ—Ü–∏–∞–ª–∏—Å—Ç–æ–º –ø–æ –∫–∞—á–µ—Å—Ç–≤–µ–Ω–Ω—ã–º –∏—Å—Å–ª–µ–¥–æ–≤–∞–Ω–∏—è–º. –ö—É—Ä—Å –≤–µ–¥—É—Ç: –ï–≤–≥–µ–Ω–∏—è –ö–∏—Ä–ø–∏—á–µ–Ω–∫–æ–≤–∞ (InDepth MR), –û–ª—å–≥–∞ –î—É–Ω–∞–µ–≤–∞ (—Ä–∞–±–æ—Ç–∞–ª–∞ —Å InDeth MR, Magram MR –∏ IPSOS). –û–±—É—á–µ–Ω–∏–µ –Ω–∞ —Å–ø–µ—Ü–∏–∞–ª–∏—Å—Ç–∞ –ø–æ –∫–∞—á–µ—Å—Ç–≤–µ–Ω–Ω—ã–º –∏—Å—Å–ª–µ–¥–æ–≤–∞–Ω–∏—è–º –≤ –ú–æ—Å–∫–≤–µ, –°–∞–Ω–∫—Ç-–ü–µ—Ç–µ—Ä–±—É—Ä–≥–µ –∏ –≤ –ª—é–±–æ–º —Ä–µ–≥–∏–æ–Ω–µ –†–§ —Å —Å–µ—Ä—Ç–∏—Ñ–∏–∫–∞—Ç–æ–º.",N/A,N/A,N/A,https://skillbox.ru/course/qualitative-research/
quantitative-research,"–ö–æ–ª–∏—á–µ—Å—Ç–≤–µ–Ω–Ω—ã–µ –∏—Å—Å–ª–µ–¥–æ–≤–∞–Ω–∏—è","–û–Ω–ª–∞–π–Ω-–∫—É—Ä—Å ¬´–ö–æ–ª–∏—á–µ—Å—Ç–≤–µ–Ω–Ω—ã–µ –∏—Å—Å–ª–µ–¥–æ–≤–∞–Ω–∏—è¬ª ‚Äî Skillbox: —Å—Ç–∞–Ω—å —Å–ø–µ—Ü–∏–∞–ª–∏—Å—Ç–æ–º –ø–æ –∫–æ–ª–∏—á–µ—Å—Ç–≤–µ–Ω–Ω—ã–º –∏—Å—Å–ª–µ–¥–æ–≤–∞–Ω–∏—è–º –∏ —Ä–µ—à–∞–π –∑–∞–¥–∞—á–∏ –±–∏–∑–Ω–µ—Å–∞. –ö—É—Ä—Å –≤–µ–¥—ë—Ç: –î–∞—Ä—å—è –¢—É—á–∫–æ–≤–∞ (Validata). –û–±—É—á–µ–Ω–∏–µ –Ω–∞ —Å–ø–µ—Ü–∏–∞–ª–∏—Å—Ç–∞ –ø–æ –∫–æ–ª–∏—á–µ—Å—Ç–≤–µ–Ω–Ω—ã–º –∏—Å—Å–ª–µ–¥–æ–≤–∞–Ω–∏—è–º —Å —Å–µ—Ä—Ç–∏—Ñ–∏–∫–∞—Ç–æ–º –≤ –ú–æ—Å–∫–≤–µ, –°–∞–Ω–∫—Ç-–ü–µ—Ç–µ—Ä–±—É—Ä–≥–µ –∏ –≤ –ª—é–±–æ–º —Ä–µ–≥–∏–æ–Ω–µ –†–§.",N/A,N/A,N/A,https://skillbox.ru/course/quantitative-research/
